{"Epsilon":0.1,"_runtime":0,"AvgLoss":0.129528,"_step":1999,"_wandb":{"runtime":0},"Episode":256.4102564102564,"AvgTrainReward":0.1573,"AvgEvalReward":360.4,"Step":2e+07,"_timestamp":1.7621654386089377e+09}