{"Episode":256.4102564102564,"_wandb":{"runtime":0},"_runtime":0,"AvgLoss":0.02605,"AvgTrainReward":0.1125,"Step":2e+07,"_step":1999,"_timestamp":1.7621654872006266e+09,"Epsilon":0.1,"AvgEvalReward":307.6}