{"Step":2e+07,"AvgTrainReward":0.1573,"Episode":256.4102564102564,"Epsilon":0.1,"AvgEvalReward":360.4,"AvgLoss":4.1449,"_timestamp":1.7618811621742089e+09,"_wandb":{"runtime":0},"_runtime":0,"_step":1999}