{"_step":1999,"_wandb":{"runtime":0},"_runtime":0,"AvgEvalReward":100.3,"Epsilon":0.1,"_timestamp":1.7621653905373065e+09,"AvgLoss":0.08595,"Episode":256.4102564102564,"Step":2e+07,"AvgTrainReward":0.0773}