{"_runtime":0,"_timestamp":1.7618811544411714e+09,"AvgTrainReward":0.0773,"_step":1999,"AvgLoss":2.7504,"Episode":256.4102564102564,"AvgEvalReward":100.3,"_wandb":{"runtime":0},"Step":2e+07,"Epsilon":0.1}