{"Epsilon":0.1,"_wandb":{"runtime":0},"Step":2e+07,"Episode":256.4102564102564,"_step":1999,"_timestamp":1.7621655114243946e+09,"_runtime":0,"AvgEvalReward":247.1,"AvgLoss":0.00196,"AvgTrainReward":0.0405}